10 Things I Hate About You|https://www.imsdb.com/scripts/10-Things-I-Hate-About-You.html
12|https://www.imsdb.com/scripts/12.html
12 and Holding|https://www.imsdb.com/scripts/12-and-Holding.html
12 Monkeys|https://www.imsdb.com/scripts/12-Monkeys.html
12 Years a Slave|https://www.imsdb.com/scripts/12-Years-a-Slave.html
127 Hours|https://www.imsdb.com/scripts/127-Hours.html
1492: Conquest of Paradise|https://www.imsdb.com/scripts/1492-Conquest-of-Paradise.html
15 Minutes|https://www.imsdb.com/scripts/15-Minutes.html
17 Again|https://www.imsdb.com/scripts/17-Again.html
187|https://www.imsdb.com/scripts/187.html
2001: A Space Odyssey|https://www.imsdb.com/scripts/2001-A-Space-Odyssey.html
2012|https://www.imsdb.com/scripts/2012.html
25th Hour|https://www.imsdb.com/scripts/25th-Hour.html
28 Days Later|https://www.imsdb.com/scripts/28-Days-Later.html
30 Minutes or Less|https://www.imsdb.com/scripts/30-Minutes-or-Less.html
42|https://www.imsdb.com/scripts/42.html
44 Inch Chest|https://www.imsdb.com/scripts/44-Inch-Chest.html
48 Hrs.|https://www.imsdb.com/scripts/48-Hrs..html
50-50|https://www.imsdb.com/scripts/50-50.html
500 Days of Summer|https://www.imsdb.com/scripts/500-Days-of-Summer.html
8 Mile|https://www.imsdb.com/scripts/8-Mile.pdf
8MM|https://www.imsdb.com/scripts/8MM.html
9|https://www.imsdb.com/scripts/9.html
A Few Good Men|https://www.imsdb.com/scripts/A-Few-Good-Men.html
A Most Violent Year|https://www.imsdb.com/scripts/A-Most-Violent-Year.html
A Prayer Before Dawn|https://www.imsdb.com/scripts/A-Prayer-Before-Dawn.html
A Quiet Place|https://www.imsdb.com/scripts/A-Quiet-Place.html
A Scanner Darkly|https://www.imsdb.com/scripts/A-Scanner-Darkly.html
A Serious Man|https://www.imsdb.com/scripts/A-Serious-Man.html
Above the Law|https://www.imsdb.com/scripts/Above-the-Law.html
Absolute Power|https://www.imsdb.com/scripts/Absolute-Power.html
Abyss, The|https://www.imsdb.com/scripts/Abyss,-The.html
Ace Ventura: Pet Detective|https://www.imsdb.com/scripts/Ace-Ventura-Pet-Detective.html
Adaptation|https://www.imsdb.com/scripts/Adaptation.html
Addams Family, The|https://www.imsdb.com/scripts/Addams-Family,-The.html
Adjustment Bureau, The|https://www.imsdb.com/scripts/Adjustment-Bureau,-The.html
Adventures of Buckaroo Banzai Across the Eighth Dimension, The|https://www.imsdb.com/scripts/Adventures-of-Buckaroo-Banzai-Across-the-Eighth-Dimension,-The.html
Affliction|https://www.imsdb.com/scripts/Affliction.html
After School Special|https://www.imsdb.com/scripts/After-School-Special.html
After.Life|https://www.imsdb.com/scripts/After.Life.html
Agnes of God|https://www.imsdb.com/scripts/Agnes-of-God.html
Air Force One|https://www.imsdb.com/scripts/Air-Force-One.html
Airplane|https://www.imsdb.com/scripts/Airplane.html
Airplane 2: The Sequel|https://www.imsdb.com/scripts/Airplane-2-The-Sequel.html
Aladdin|https://www.imsdb.com/scripts/Aladdin.html
Ali|https://www.imsdb.com/scripts/Ali.html
Alien|https://www.imsdb.com/scripts/Alien.html
Alien 3|https://www.imsdb.com/scripts/Alien-3.html
Alien Nation|https://www.imsdb.com/scripts/Alien-Nation.html
Alien vs. Predator|https://www.imsdb.com/scripts/Alien-vs.-Predator.html
Alien: Resurrection|https://www.imsdb.com/scripts/Alien-Resurrection.html
Aliens|https://www.imsdb.com/scripts/Aliens.html
All About Eve|https://www.imsdb.com/scripts/All-About-Eve.html
All About Steve|https://www.imsdb.com/scripts/All-About-Steve.html
All the King's Men|https://www.imsdb.com/scripts/All-the-King's-Men.html
All the President's Men|https://www.imsdb.com/scripts/All-the-President's-Men.html
Almost Famous|https://www.imsdb.com/scripts/Almost-Famous.html
Alone in the Dark|https://www.imsdb.com/scripts/Alone-in-the-Dark.html
Amadeus|https://www.imsdb.com/scripts/Amadeus.html
Amelia|https://www.imsdb.com/scripts/Amelia.html
American Beauty|https://www.imsdb.com/scripts/American-Beauty.html
American Gangster|https://www.imsdb.com/scripts/American-Gangster.html
American Graffiti|https://www.imsdb.com/scripts/American-Graffiti.html
American History X|https://www.imsdb.com/scripts/American-History-X.html
American Hustle|https://www.imsdb.com/scripts/American-Hustle.html
American Madness|https://www.imsdb.com/scripts/American-Madness.html
American Milkshake|https://www.imsdb.com/scripts/American-Milkshake.html
American Outlaws|https://www.imsdb.com/scripts/American-Outlaws.html
American Pie|https://www.imsdb.com/scripts/American-Pie.html
American President, The|https://www.imsdb.com/scripts/American-President,-The.html
American Psycho|https://www.imsdb.com/scripts/American-Psycho.html
American Shaolin: King of Kickboxers II|https://www.imsdb.com/scripts/American-Shaolin-King-of-Kickboxers-II.html
American Sniper|https://www.imsdb.com/scripts/American-Sniper.html
American Splendor|https://www.imsdb.com/scripts/American-Splendor.html
American Werewolf in London|https://www.imsdb.com/scripts/American-Werewolf-in-London.html
American, The|https://www.imsdb.com/scripts/American,-The.html
Amityville Asylum, The|https://www.imsdb.com/scripts/Amityville-Asylum,-The.html
Amour|https://www.imsdb.com/scripts/Amour.html
An Education|https://www.imsdb.com/scripts/An-Education.html
Analyze That|https://www.imsdb.com/scripts/Analyze-That.html
Analyze This|https://www.imsdb.com/scripts/Analyze-This.html
Anastasia|https://www.imsdb.com/scripts/Anastasia.html
Angel Eyes|https://www.imsdb.com/scripts/Angel-Eyes.html
Angels & Demons|https://www.imsdb.com/scripts/Angels-&-Demons.html
Anna Karenina|https://www.imsdb.com/scripts/Anna-Karenina.html
Annie Hall|https://www.imsdb.com/scripts/Annie-Hall.html
Anniversary Party, The|https://www.imsdb.com/scripts/Anniversary-Party,-The.html
Anonymous|https://www.imsdb.com/scripts/Anonymous.html
Antitrust|https://www.imsdb.com/scripts/Antitrust.html
Antz|https://www.imsdb.com/scripts/Antz.html
Apartment, The|https://www.imsdb.com/scripts/Apartment,-The.html
Apocalypse Now|https://www.imsdb.com/scripts/Apocalypse-Now.html
Apollo 13|https://www.imsdb.com/scripts/Apollo-13.html
April Fool's Day|https://www.imsdb.com/scripts/April-Fool's-Day.html
Apt Pupil|https://www.imsdb.com/scripts/Apt-Pupil.html
Arbitrage|https://www.imsdb.com/scripts/Arbitrage.html
Arcade|https://www.imsdb.com/scripts/Arcade.html
Arctic Blue|https://www.imsdb.com/scripts/Arctic-Blue.html
Argo|https://www.imsdb.com/scripts/Argo.html
Armageddon|https://www.imsdb.com/scripts/Armageddon.html
Army of Darkness|https://www.imsdb.com/scripts/Army-of-Darkness.html
Arsenic and Old Lace|https://www.imsdb.com/scripts/Arsenic-and-Old-Lace.html
Arthur|https://www.imsdb.com/scripts/Arthur.html
Artist, The|https://www.imsdb.com/scripts/Artist,-The.html
As Good As It Gets|https://www.imsdb.com/scripts/As-Good-As-It-Gets.html
Assassins|https://www.imsdb.com/scripts/Assassins.html
Assignment, The|https://www.imsdb.com/scripts/Assignment,-The.html
At First Sight|https://www.imsdb.com/scripts/At-First-Sight.html
August: Osage County|https://www.imsdb.com/scripts/August-Osage-County.html
Austin Powers - International Man of Mystery|https://www.imsdb.com/scripts/Austin-Powers---International-Man-of-Mystery.html
Austin Powers - The Spy Who Shagged Me|https://www.imsdb.com/scripts/Austin-Powers---The-Spy-Who-Shagged-Me.html
Authors Anonymous|https://www.imsdb.com/scripts/Authors-Anonymous.html
Autumn in New York|https://www.imsdb.com/scripts/Autumn-in-New-York.html
Avatar|https://www.imsdb.com/scripts/Avatar.html
Avengers, The|https://www.imsdb.com/scripts/Avengers,-The.html
Avengers, The (2012)|https://www.imsdb.com/scripts/Avengers,-The-(2012).html
Avventura, L' (The Adventure)|https://www.imsdb.com/scripts/Avventura,-L'-(The-Adventure).html
Awakenings|https://www.imsdb.com/scripts/Awakenings.html
Babel|https://www.imsdb.com/scripts/Babel.html
Bachelor Party|https://www.imsdb.com/scripts/Bachelor-Party.html
Bachelor Party, The|https://www.imsdb.com/scripts/Bachelor-Party,-The.html
Back to the Future|https://www.imsdb.com/scripts/Back-to-the-Future.pdf
Back to the Future II & III|https://www.imsdb.com/scripts/Back-to-the-Future-II-&-III.pdf
Back-up Plan, The|https://www.imsdb.com/scripts/Back-up-Plan,-The.html
Backdraft|https://www.imsdb.com/scripts/Backdraft.html
Bad Boys|https://www.imsdb.com/scripts/Bad-Boys.html
Bad Country|https://www.imsdb.com/scripts/Bad-Country.html
Bad Day at Black Rock|https://www.imsdb.com/scripts/Bad-Day-at-Black-Rock.html
Bad Dreams|https://www.imsdb.com/scripts/Bad-Dreams.html
Bad Lieutenant|https://www.imsdb.com/scripts/Bad-Lieutenant.html
Bad Santa|https://www.imsdb.com/scripts/Bad-Santa.html
Bad Teacher|https://www.imsdb.com/scripts/Bad-Teacher.html
Badlands|https://www.imsdb.com/scripts/Badlands.html
Bamboozled|https://www.imsdb.com/scripts/Bamboozled.html
Barry Lyndon|https://www.imsdb.com/scripts/Barry-Lyndon.html
Barton Fink|https://www.imsdb.com/scripts/Barton-Fink.html
Basic|https://www.imsdb.com/scripts/Basic.html
Basic Instinct|https://www.imsdb.com/scripts/Basic-Instinct.html
Basquiat|https://www.imsdb.com/scripts/Basquiat.html
Batman|https://www.imsdb.com/scripts/Batman.html
Batman 2|https://www.imsdb.com/scripts/Batman-2.html
Battle of Algiers, The|https://www.imsdb.com/scripts/Battle-of-Algiers,-The.html
Battle of Shaker Heights, The|https://www.imsdb.com/scripts/Battle-of-Shaker-Heights,-The.html
Battle: Los Angeles|https://www.imsdb.com/scripts/Battle-Los-Angeles.html
Beach, The|https://www.imsdb.com/scripts/Beach,-The.html
Bean|https://www.imsdb.com/scripts/Bean.html
Beasts of No Nation|https://www.imsdb.com/scripts/Beasts-of-No-Nation.html
Beasts of the Southern Wild|https://www.imsdb.com/scripts/Beasts-of-the-Southern-Wild.html
Beauty and the Beast|https://www.imsdb.com/scripts/Beauty-and-the-Beast.html
Beavis and Butt-head Do America|https://www.imsdb.com/scripts/Beavis-and-Butt-head-Do-America.html
Beginners|https://www.imsdb.com/scripts/Beginners.html
Being Human|https://www.imsdb.com/scripts/Being-Human.html
Being John Malkovich|https://www.imsdb.com/scripts/Being-John-Malkovich.html
Being There|https://www.imsdb.com/scripts/Being-There.html
Believer, The|https://www.imsdb.com/scripts/Believer,-The.html
Belle|https://www.imsdb.com/scripts/Belle.html
Beloved|https://www.imsdb.com/scripts/Beloved.html
Benny & Joon|https://www.imsdb.com/scripts/Benny-&-Joon.html
Best Exotic Marigold Hotel, The|https://www.imsdb.com/scripts/Best-Exotic-Marigold-Hotel,-The.html
Big|https://www.imsdb.com/scripts/Big.html
Big Blue, The|https://www.imsdb.com/scripts/Big-Blue,-The.html
Big Eyes|https://www.imsdb.com/scripts/Big-Eyes.html
Big Fish|https://www.imsdb.com/scripts/Big-Fish.html
Big Lebowski, The|https://www.imsdb.com/scripts/Big-Lebowski,-The.html
Big Sick, The|https://www.imsdb.com/scripts/Big-Sick,-The.html
Big White, The|https://www.imsdb.com/scripts/Big-White,-The.html
Birdman|https://www.imsdb.com/scripts/Birdman.html
Birds, The|https://www.imsdb.com/scripts/Birds,-The.html
Birthday Girl|https://www.imsdb.com/scripts/Birthday-Girl.html
Black Dahlia, The|https://www.imsdb.com/scripts/Black-Dahlia,-The.html
Black Panther|https://www.imsdb.com/scripts/Black-Panther.html
Black Rain|https://www.imsdb.com/scripts/Black-Rain.html
Black Snake Moan|https://www.imsdb.com/scripts/Black-Snake-Moan.html
Black Swan|https://www.imsdb.com/scripts/Black-Swan.html
BlacKkKlansman|https://www.imsdb.com/scripts/BlacKkKlansman.html
Blade|https://www.imsdb.com/scripts/Blade.html
Blade II|https://www.imsdb.com/scripts/Blade-II.html
Blade Runner|https://www.imsdb.com/scripts/Blade-Runner.html
Blade: Trinity|https://www.imsdb.com/scripts/Blade-Trinity.html
Blast from the Past, The|https://www.imsdb.com/scripts/Blast-from-the-Past,-The.html
Blind Side, The|https://www.imsdb.com/scripts/Blind-Side,-The.html
Bling Ring, The|https://www.imsdb.com/scripts/Bling-Ring,-The.html
Blood and Wine|https://www.imsdb.com/scripts/Blood-and-Wine.html
Blood Simple|https://www.imsdb.com/scripts/Blood-Simple.html
Blow|https://www.imsdb.com/scripts/Blow.html
Blue Valentine|https://www.imsdb.com/scripts/Blue-Valentine.html
Blue Velvet|https://www.imsdb.com/scripts/Blue-Velvet.html
Blues Brothers, The|https://www.imsdb.com/scripts/Blues-Brothers,-The.pdf
Bodies, Rest & Motion|https://www.imsdb.com/scripts/Bodies,-Rest-&-Motion.html
Body Heat|https://www.imsdb.com/scripts/Body-Heat.html
Body of Evidence|https://www.imsdb.com/scripts/Body-of-Evidence.html
Bodyguard|https://www.imsdb.com/scripts/Bodyguard.html
Bones|https://www.imsdb.com/scripts/Bones.html
Bonfire of the Vanities|https://www.imsdb.com/scripts/Bonfire-of-the-Vanities.html
Bonnie and Clyde|https://www.imsdb.com/scripts/Bonnie-and-Clyde.html
Boogie Nights|https://www.imsdb.com/scripts/Boogie-Nights.html
Book of Eli, The|https://www.imsdb.com/scripts/Book-of-Eli,-The.html
Boondock Saints 2: All Saints Day|https://www.imsdb.com/scripts/Boondock-Saints-2-All-Saints-Day.html
Boondock Saints, The|https://www.imsdb.com/scripts/Boondock-Saints,-The.html
Bottle Rocket|https://www.imsdb.com/scripts/Bottle-Rocket.html
Bound|https://www.imsdb.com/scripts/Bound.html
Bounty Hunter, The|https://www.imsdb.com/scripts/Bounty-Hunter,-The.html
Bourne Identity, The|https://www.imsdb.com/scripts/Bourne-Identity,-The.html
Bourne Supremacy, The|https://www.imsdb.com/scripts/Bourne-Supremacy,-The.html
Bourne Ultimatum, The|https://www.imsdb.com/scripts/Bourne-Ultimatum,-The.html
Box, The|https://www.imsdb.com/scripts/Box,-The.html
Boxtrolls, The|https://www.imsdb.com/scripts/Boxtrolls,-The.html
Boyhood|https://www.imsdb.com/scripts/Boyhood.html
Braveheart|https://www.imsdb.com/scripts/Braveheart.html
Brazil|https://www.imsdb.com/scripts/Brazil.html
Break|https://www.imsdb.com/scripts/Break.html
Breakdown|https://www.imsdb.com/scripts/Breakdown.html
Breakfast Club, The|https://www.imsdb.com/scripts/Breakfast-Club,-The.html
Breaking Away|https://www.imsdb.com/scripts/Breaking-Away.html
Brick|https://www.imsdb.com/scripts/Brick.html
Bridesmaids|https://www.imsdb.com/scripts/Bridesmaids.html
Bringing Out the Dead|https://www.imsdb.com/scripts/Bringing-Out-the-Dead.html
Broadcast News|https://www.imsdb.com/scripts/Broadcast-News.html
Broken Arrow|https://www.imsdb.com/scripts/Broken-Arrow.html
Broken Embraces|https://www.imsdb.com/scripts/Broken-Embraces.html
Brothers Bloom, The|https://www.imsdb.com/scripts/Brothers-Bloom,-The.html
Bruce Almighty|https://www.imsdb.com/scripts/Bruce-Almighty.html
Buffy the Vampire Slayer|https://www.imsdb.com/scripts/Buffy-the-Vampire-Slayer.html
Bull Durham|https://www.imsdb.com/scripts/Bull-Durham.html
Buried|https://www.imsdb.com/scripts/Buried.html
Burlesque|https://www.imsdb.com/scripts/Burlesque.html
Burn After Reading|https://www.imsdb.com/scripts/Burn-After-Reading.html
Burning Annie|https://www.imsdb.com/scripts/Burning-Annie.html
Butterfly Effect, The|https://www.imsdb.com/scripts/Butterfly-Effect,-The.html
Cable Guy|https://www.imsdb.com/scripts/Cable-Guy.html
Candle to Water|https://www.imsdb.com/scripts/Candle-to-Water.html
Capote|https://www.imsdb.com/scripts/Capote.html
Carrie|https://www.imsdb.com/scripts/Carrie.html
Cars 2|https://www.imsdb.com/scripts/Cars-2.html
Case 39|https://www.imsdb.com/scripts/Case-39.html
Casino|https://www.imsdb.com/scripts/Casino.html
Cast Away|https://www.imsdb.com/scripts/Cast-Away.html
Catch Me If You Can|https://www.imsdb.com/scripts/Catch-Me-If-You-Can.html
Catwoman|https://www.imsdb.com/scripts/Catwoman.html
Cecil B. Demented|https://www.imsdb.com/scripts/Cecil-B.-Demented.html
Cedar Rapids|https://www.imsdb.com/scripts/Cedar-Rapids.html
Celeste & Jesse Forever|https://www.imsdb.com/scripts/Celeste-&-Jesse-Forever.html
Cell, The|https://www.imsdb.com/scripts/Cell,-The.html
Cellular|https://www.imsdb.com/scripts/Cellular.html
Change-Up, The|https://www.imsdb.com/scripts/Change-Up,-The.html
Changeling|https://www.imsdb.com/scripts/Changeling.html
Chaos|https://www.imsdb.com/scripts/Chaos.html
Charade|https://www.imsdb.com/scripts/Charade.html
Charlie's Angels|https://www.imsdb.com/scripts/Charlie's-Angels.html
Chasing Amy|https://www.imsdb.com/scripts/Chasing-Amy.html
Chasing Sleep|https://www.imsdb.com/scripts/Chasing-Sleep.html
Cherry Falls|https://www.imsdb.com/scripts/Cherry-Falls.html
Chinatown|https://www.imsdb.com/scripts/Chinatown.html
Christ Complex|https://www.imsdb.com/scripts/Christ-Complex.html
Chronicle|https://www.imsdb.com/scripts/Chronicle.html
Chronicles of Narnia: The Lion, the Witch and the Wardrobe|https://www.imsdb.com/scripts/Chronicles-of-Narnia-The-Lion,-the-Witch-and-the-Wardrobe.html
Cider House Rules, The|https://www.imsdb.com/scripts/Cider-House-Rules,-The.html
Cincinnati Kid, The|https://www.imsdb.com/scripts/Cincinnati-Kid,-The.html
Cinema Paradiso|https://www.imsdb.com/scripts/Cinema-Paradiso.html
Cirque du Freak: The Vampire's Assistant|https://www.imsdb.com/scripts/Cirque-du-Freak-The-Vampire's-Assistant.html
Citizen Kane|https://www.imsdb.com/scripts/Citizen-Kane.html
City of Joy|https://www.imsdb.com/scripts/City-of-Joy.html
Clash of the Titans|https://www.imsdb.com/scripts/Clash-of-the-Titans.html
Clerks|https://www.imsdb.com/scripts/Clerks.html
Cliffhanger|https://www.imsdb.com/scripts/Cliffhanger.html
Clockwork Orange, A|https://www.imsdb.com/scripts/Clockwork-Orange,-A.pdf
Clueless|https://www.imsdb.com/scripts/Clueless.html
Cobb|https://www.imsdb.com/scripts/Cobb.html
Coco|https://www.imsdb.com/scripts/Coco.html
Code of Silence|https://www.imsdb.com/scripts/Code-of-Silence.html
Cold Mountain|https://www.imsdb.com/scripts/Cold-Mountain.html
Collateral|https://www.imsdb.com/scripts/Collateral.html
Collateral Damage|https://www.imsdb.com/scripts/Collateral-Damage.html
Colombiana|https://www.imsdb.com/scripts/Colombiana.html
Color of Night|https://www.imsdb.com/scripts/Color-of-Night.html
Commando|https://www.imsdb.com/scripts/Commando.html
Conan the Barbarian|https://www.imsdb.com/scripts/Conan-the-Barbarian.html
Confessions of a Dangerous Mind|https://www.imsdb.com/scripts/Confessions-of-a-Dangerous-Mind.html
Confidence|https://www.imsdb.com/scripts/Confidence.html
Constantine|https://www.imsdb.com/scripts/Constantine.html
Cooler, The|https://www.imsdb.com/scripts/Cooler,-The.html
Copycat|https://www.imsdb.com/scripts/Copycat.html
Coraline|https://www.imsdb.com/scripts/Coraline.html
Coriolanus|https://www.imsdb.com/scripts/Coriolanus.html
Courage Under Fire|https://www.imsdb.com/scripts/Courage-Under-Fire.pdf
Cowboys & Aliens|https://www.imsdb.com/scripts/Cowboys-&-Aliens.html
Cradle 2 the Grave|https://www.imsdb.com/scripts/Cradle-2-the-Grave.html
Crank|https://www.imsdb.com/scripts/Crank.html
Crash|https://www.imsdb.com/scripts/Crash.html
Crazy, Stupid, Love|https://www.imsdb.com/scripts/Crazy,-Stupid,-Love.html
Crazylove|https://www.imsdb.com/scripts/Crazylove.html
Creation|https://www.imsdb.com/scripts/Creation.html
Crime Spree|https://www.imsdb.com/scripts/Crime-Spree.html
Croods, The|https://www.imsdb.com/scripts/Croods,-The.html
Crouching Tiger, Hidden Dragon|https://www.imsdb.com/scripts/Crouching-Tiger,-Hidden-Dragon.html
Croupier|https://www.imsdb.com/scripts/Croupier.html
Crow Salvation, The|https://www.imsdb.com/scripts/Crow-Salvation,-The.html
Crow, The|https://www.imsdb.com/scripts/Crow,-The.html
Crow: City of Angels, The|https://www.imsdb.com/scripts/Crow-City-of-Angels,-The.html
Cruel Intentions|https://www.imsdb.com/scripts/Cruel-Intentions.html
Crying Game|https://www.imsdb.com/scripts/Crying-Game.html
Cube|https://www.imsdb.com/scripts/Cube.html
Curious Case of Benjamin Button, The|https://www.imsdb.com/scripts/Curious-Case-of-Benjamin-Button,-The.html
Custody|https://www.imsdb.com/scripts/Custody.html
Dallas Buyers Club|https://www.imsdb.com/scripts/Dallas-Buyers-Club.html
Damned United, The|https://www.imsdb.com/scripts/Damned-United,-The.html
Dances with Wolves|https://www.imsdb.com/scripts/Dances-with-Wolves.html
Dark City|https://www.imsdb.com/scripts/Dark-City.html
Dark Knight Rises, The|https://www.imsdb.com/scripts/Dark-Knight-Rises,-The.html
Dark Star|https://www.imsdb.com/scripts/Dark-Star.html
Darkman|https://www.imsdb.com/scripts/Darkman.html
Date Night|https://www.imsdb.com/scripts/Date-Night.html
Dave Barry's Complete Guide to Guys|https://www.imsdb.com/scripts/Dave-Barry's-Complete-Guide-to-Guys.html
Dawn of the Dead|https://www.imsdb.com/scripts/Dawn-of-the-Dead.html
Day of the Dead|https://www.imsdb.com/scripts/Day-of-the-Dead.html
Day the Clown Cried, The|https://www.imsdb.com/scripts/Day-the-Clown-Cried,-The.html
Day the Earth Stood Still, The|https://www.imsdb.com/scripts/Day-the-Earth-Stood-Still,-The.html
Days of Heaven|https://www.imsdb.com/scripts/Days-of-Heaven.html
Dead Poets Society|https://www.imsdb.com/scripts/Dead-Poets-Society.html
Deadpool|https://www.imsdb.com/scripts/Deadpool.html
Dear White People|https://www.imsdb.com/scripts/Dear-White-People.html
Death at a Funeral|https://www.imsdb.com/scripts/Death-at-a-Funeral.html
Death to Smoochy|https://www.imsdb.com/scripts/Death-to-Smoochy.html
Debt, The|https://www.imsdb.com/scripts/Debt,-The.html
Deception|https://www.imsdb.com/scripts/Deception.html
Deep Cover|https://www.imsdb.com/scripts/Deep-Cover.html
Deep Rising|https://www.imsdb.com/scripts/Deep-Rising.html
Deer Hunter, The|https://www.imsdb.com/scripts/Deer-Hunter,-The.html
Defiance|https://www.imsdb.com/scripts/Defiance.html
Departed, The|https://www.imsdb.com/scripts/Departed,-The.html
Descendants, The|https://www.imsdb.com/scripts/Descendants,-The.html
Despicable Me 2|https://www.imsdb.com/scripts/Despicable-Me-2.html
Detroit Rock City|https://www.imsdb.com/scripts/Detroit-Rock-City.html
Devil in a Blue Dress|https://www.imsdb.com/scripts/Devil-in-a-Blue-Dress.html
Devil's Advocate|https://www.imsdb.com/scripts/Devil's-Advocate.html
Die Hard|https://www.imsdb.com/scripts/Die-Hard.html
Die Hard 2|https://www.imsdb.com/scripts/Die-Hard-2.html
Diner|https://www.imsdb.com/scripts/Diner.html
Distinguished Gentleman, The|https://www.imsdb.com/scripts/Distinguished-Gentleman,-The.html
Disturbia|https://www.imsdb.com/scripts/Disturbia.html
Django Unchained|https://www.imsdb.com/scripts/Django-Unchained.html
Do The Right Thing|https://www.imsdb.com/scripts/Do-The-Right-Thing.html
Dog Day Afternoon|https://www.imsdb.com/scripts/Dog-Day-Afternoon.html
Dogma|https://www.imsdb.com/scripts/Dogma.html
Donnie Brasco|https://www.imsdb.com/scripts/Donnie-Brasco.html
Doors, The|https://www.imsdb.com/scripts/Doors,-The.html
Double Indemnity|https://www.imsdb.com/scripts/Double-Indemnity.html
Drag Me to Hell|https://www.imsdb.com/scripts/Drag-Me-to-Hell.html
Dragonslayer|https://www.imsdb.com/scripts/Dragonslayer.html
Drive|https://www.imsdb.com/scripts/Drive.html
Drive Angry|https://www.imsdb.com/scripts/Drive-Angry.html
Drop Dead Gorgeous|https://www.imsdb.com/scripts/Drop-Dead-Gorgeous.html
Dry White Season, A|https://www.imsdb.com/scripts/Dry-White-Season,-A.html
Duck Soup|https://www.imsdb.com/scripts/Duck-Soup.html
Dumb and Dumber|https://www.imsdb.com/scripts/Dumb-and-Dumber.html
Dune|https://www.imsdb.com/scripts/Dune.html
E.T.|https://www.imsdb.com/scripts/E.T..html
Eagle Eye|https://www.imsdb.com/scripts/Eagle-Eye.html
Eastern Promises|https://www.imsdb.com/scripts/Eastern-Promises.html
Easy A|https://www.imsdb.com/scripts/Easy-A.html
Ed TV|https://www.imsdb.com/scripts/Ed-TV.html
Ed Wood|https://www.imsdb.com/scripts/Ed-Wood.html
Edward Scissorhands|https://www.imsdb.com/scripts/Edward-Scissorhands.html
Eight Legged Freaks|https://www.imsdb.com/scripts/Eight-Legged-Freaks.html
El Mariachi|https://www.imsdb.com/scripts/El-Mariachi.html
Election|https://www.imsdb.com/scripts/Election.html
Elephant Man, The|https://www.imsdb.com/scripts/Elephant-Man,-The.html
Elizabeth: The Golden Age|https://www.imsdb.com/scripts/Elizabeth-The-Golden-Age.html
Enemy of the State|https://www.imsdb.com/scripts/Enemy-of-the-State.html
English Patient, The|https://www.imsdb.com/scripts/English-Patient,-The.html
Enough|https://www.imsdb.com/scripts/Enough.html
Entrapment|https://www.imsdb.com/scripts/Entrapment.html
Equilibrium|https://www.imsdb.com/scripts/Equilibrium.pdf
Erik the Viking|https://www.imsdb.com/scripts/Erik-the-Viking.html
Erin Brockovich|https://www.imsdb.com/scripts/Erin-Brockovich.html
Escape From L.A.|https://www.imsdb.com/scripts/Escape-From-L.A..html
Escape From New York|https://www.imsdb.com/scripts/Escape-From-New-York.html
Eternal Sunshine of the Spotless Mind|https://www.imsdb.com/scripts/Eternal-Sunshine-of-the-Spotless-Mind.html
Even Cowgirls Get the Blues|https://www.imsdb.com/scripts/Even-Cowgirls-Get-the-Blues.html
Event Horizon|https://www.imsdb.com/scripts/Event-Horizon.html
Evil Dead|https://www.imsdb.com/scripts/Evil-Dead.html
Evil Dead II: Dead by Dawn|https://www.imsdb.com/scripts/Evil-Dead-II-Dead-by-Dawn.html
Ex Machina|https://www.imsdb.com/scripts/Ex-Machina.html
Excalibur|https://www.imsdb.com/scripts/Excalibur.html
eXistenZ|https://www.imsdb.com/scripts/eXistenZ.html
Extract|https://www.imsdb.com/scripts/Extract.html
Fabulous Baker Boys, The|https://www.imsdb.com/scripts/Fabulous-Baker-Boys,-The.html
Face Off|https://www.imsdb.com/scripts/Face-Off.html
Fair Game|https://www.imsdb.com/scripts/Fair-Game.html
Family Man, The|https://www.imsdb.com/scripts/Family-Man,-The.html
Fantastic Four|https://www.imsdb.com/scripts/Fantastic-Four.html
Fantastic Mr Fox|https://www.imsdb.com/scripts/Fantastic-Mr-Fox.html
Fargo|https://www.imsdb.com/scripts/Fargo.html
Fast Times at Ridgemont High|https://www.imsdb.com/scripts/Fast-Times-at-Ridgemont-High.html
Fatal Instinct|https://www.imsdb.com/scripts/Fatal-Instinct.html
Fault in Our Stars, The|https://www.imsdb.com/scripts/Fault-in-Our-Stars,-The.html
Fear and Loathing in Las Vegas|https://www.imsdb.com/scripts/Fear-and-Loathing-in-Las-Vegas.html
Feast|https://www.imsdb.com/scripts/Feast.html
Ferris Bueller's Day Off|https://www.imsdb.com/scripts/Ferris-Bueller's-Day-Off.html
Field of Dreams|https://www.imsdb.com/scripts/Field-of-Dreams.html
Fifth Element, The|https://www.imsdb.com/scripts/Fifth-Element,-The.html
Fight Club|https://www.imsdb.com/scripts/Fight-Club.html
Fighter, The|https://www.imsdb.com/scripts/Fighter,-The.html
Final Destination|https://www.imsdb.com/scripts/Final-Destination.html
Final Destination 2|https://www.imsdb.com/scripts/Final-Destination-2.html
Finding Nemo|https://www.imsdb.com/scripts/Finding-Nemo.html
Five Easy Pieces|https://www.imsdb.com/scripts/Five-Easy-Pieces.html
Flash Gordon|https://www.imsdb.com/scripts/Flash-Gordon.html
Fletch|https://www.imsdb.com/scripts/Fletch.html
Flight|https://www.imsdb.com/scripts/Flight.html
Flintstones, The|https://www.imsdb.com/scripts/Flintstones,-The.html
Forrest Gump|https://www.imsdb.com/scripts/Forrest-Gump.html
Four Feathers|https://www.imsdb.com/scripts/Four-Feathers.html
Four Rooms|https://www.imsdb.com/scripts/Four-Rooms.html
Foxcatcher|https://www.imsdb.com/scripts/Foxcatcher.html
Fracture|https://www.imsdb.com/scripts/Fracture.html
Frances|https://www.imsdb.com/scripts/Frances.html
Frankenstein|https://www.imsdb.com/scripts/Frankenstein.html
Frankenweenie|https://www.imsdb.com/scripts/Frankenweenie.html
Freaked|https://www.imsdb.com/scripts/Freaked.html
Freddy vs. Jason|https://www.imsdb.com/scripts/Freddy-vs.-Jason.html
French Connection, The|https://www.imsdb.com/scripts/French-Connection,-The.html
Frequency|https://www.imsdb.com/scripts/Frequency.html
Friday the 13th|https://www.imsdb.com/scripts/Friday-the-13th.html
Friday the 13th Part VIII: Jason Takes Manhattan|https://www.imsdb.com/scripts/Friday-the-13th-Part-VIII-Jason-Takes-Manhattan.html
Fright Night|https://www.imsdb.com/scripts/Fright-Night.html
Fright Night (1985)|https://www.imsdb.com/scripts/Fright-Night-(1985).html
From Dusk Till Dawn|https://www.imsdb.com/scripts/From-Dusk-Till-Dawn.html
From Here to Eternity|https://www.imsdb.com/scripts/From-Here-to-Eternity.html
Frozen|https://www.imsdb.com/scripts/Frozen.html
Frozen (Disney)|https://www.imsdb.com/scripts/Frozen-(Disney).html
Frozen River|https://www.imsdb.com/scripts/Frozen-River.html
Fruitvale Station|https://www.imsdb.com/scripts/Fruitvale-Station.html
Fugitive, The|https://www.imsdb.com/scripts/Fugitive,-The.html
Funny People|https://www.imsdb.com/scripts/Funny-People.html
G.I. Jane|https://www.imsdb.com/scripts/G.I.-Jane.html
G.I. Joe: The Rise of Cobra|https://www.imsdb.com/scripts/G.I.-Joe-The-Rise-of-Cobra.html
Game 6|https://www.imsdb.com/scripts/Game-6.html
Game, The|https://www.imsdb.com/scripts/Game,-The.html
Gamer|https://www.imsdb.com/scripts/Gamer.html
Gandhi|https://www.imsdb.com/scripts/Gandhi.html
Gang Related|https://www.imsdb.com/scripts/Gang-Related.html
Gangs of New York|https://www.imsdb.com/scripts/Gangs-of-New-York.html
Garden State|https://www.imsdb.com/scripts/Garden-State.html
Gattaca|https://www.imsdb.com/scripts/Gattaca.html
Get Carter|https://www.imsdb.com/scripts/Get-Carter.html
Get Low|https://www.imsdb.com/scripts/Get-Low.html
Get on Up|https://www.imsdb.com/scripts/Get-on-Up.html
Get Out|https://www.imsdb.com/scripts/Get-Out.html
Get Shorty|https://www.imsdb.com/scripts/Get-Shorty.html
Getaway, The|https://www.imsdb.com/scripts/Getaway,-The.html
Ghost|https://www.imsdb.com/scripts/Ghost.html
Ghost and the Darkness, The|https://www.imsdb.com/scripts/Ghost-and-the-Darkness,-The.html
Ghost Rider|https://www.imsdb.com/scripts/Ghost-Rider.html
Ghost Ship|https://www.imsdb.com/scripts/Ghost-Ship.html
Ghost World|https://www.imsdb.com/scripts/Ghost-World.html
Ghostbusters|https://www.imsdb.com/scripts/Ghostbusters.html
Ghostbusters 2|https://www.imsdb.com/scripts/Ghostbusters-2.html
Ginger Snaps|https://www.imsdb.com/scripts/Ginger-Snaps.html
Girl with the Dragon Tattoo, The|https://www.imsdb.com/scripts/Girl-with-the-Dragon-Tattoo,-The.html
Gladiator|https://www.imsdb.com/scripts/Gladiator.html
Glengarry Glen Gross|https://www.imsdb.com/scripts/Glengarry-Glen-Gross.html
Go|https://www.imsdb.com/scripts/Go.html
Godfather|https://www.imsdb.com/scripts/Godfather.html
Godfather Part II|https://www.imsdb.com/scripts/Godfather-Part-II.html
Godfather Part III, The|https://www.imsdb.com/scripts/Godfather-Part-III,-The.html
Gods and Monsters|https://www.imsdb.com/scripts/Gods-and-Monsters.html
Godzilla|https://www.imsdb.com/scripts/Godzilla.html
Gone Baby Gone|https://www.imsdb.com/scripts/Gone-Baby-Gone.html
Gone in 60 Seconds|https://www.imsdb.com/scripts/Gone-in-60-Seconds.html
Good Girl, The|https://www.imsdb.com/scripts/Good-Girl,-The.html
Good Will Hunting|https://www.imsdb.com/scripts/Good-Will-Hunting.html
Gothika|https://www.imsdb.com/scripts/Gothika.html
Grabbers|https://www.imsdb.com/scripts/Grabbers.html
Graduate, The|https://www.imsdb.com/scripts/Graduate,-The.html
Gran Torino|https://www.imsdb.com/scripts/Gran-Torino.html
Grand Hotel|https://www.imsdb.com/scripts/Grand-Hotel.html
Grand Theft Parsons|https://www.imsdb.com/scripts/Grand-Theft-Parsons.html
Grapes of Wrath, The|https://www.imsdb.com/scripts/Grapes-of-Wrath,-The.html
Gravity|https://www.imsdb.com/scripts/Gravity.html
Great Gatsby, The|https://www.imsdb.com/scripts/Great-Gatsby,-The.html
Green Mile, The|https://www.imsdb.com/scripts/Green-Mile,-The.html
Gremlins|https://www.imsdb.com/scripts/Gremlins.html
Gremlins 2|https://www.imsdb.com/scripts/Gremlins-2.html
Grifters, The|https://www.imsdb.com/scripts/Grifters,-The.html
Grosse Point Blank|https://www.imsdb.com/scripts/Grosse-Point-Blank.html
Groundhog Day|https://www.imsdb.com/scripts/Groundhog-Day.html
Grudge, The|https://www.imsdb.com/scripts/Grudge,-The.html
Guardians of the Galaxy Vol 2|https://www.imsdb.com/scripts/Guardians-of-the-Galaxy-Vol-2.html
Hackers|https://www.imsdb.com/scripts/Hackers.html
Hall Pass|https://www.imsdb.com/scripts/Hall-Pass.html
Halloween|https://www.imsdb.com/scripts/Halloween.html
Halloween: The Curse of Michael Myers|https://www.imsdb.com/scripts/Halloween-The-Curse-of-Michael-Myers.html
Hancock|https://www.imsdb.com/scripts/Hancock.html
Hangover, The|https://www.imsdb.com/scripts/Hangover,-The.html
Hanna|https://www.imsdb.com/scripts/Hanna.html
Hannah and Her Sisters|https://www.imsdb.com/scripts/Hannah-and-Her-Sisters.html
Hannibal|https://www.imsdb.com/scripts/Hannibal.html
Happy Birthday, Wanda June|https://www.imsdb.com/scripts/Happy-Birthday,-Wanda-June.html
Happy Feet|https://www.imsdb.com/scripts/Happy-Feet.html
Hard Rain|https://www.imsdb.com/scripts/Hard-Rain.html
Hard to Kill|https://www.imsdb.com/scripts/Hard-to-Kill.html
Harold and Kumar Go to White Castle|https://www.imsdb.com/scripts/Harold-and-Kumar-Go-to-White-Castle.html
Haunting, The|https://www.imsdb.com/scripts/Haunting,-The.html
He's Just Not That Into You|https://www.imsdb.com/scripts/He's-Just-Not-That-Into-You.html
Heat|https://www.imsdb.com/scripts/Heat.html
Heathers|https://www.imsdb.com/scripts/Heathers.html
Heavenly Creatures|https://www.imsdb.com/scripts/Heavenly-Creatures.html
Heavy Metal|https://www.imsdb.com/scripts/Heavy-Metal.html
Hebrew Hammer, The|https://www.imsdb.com/scripts/Hebrew-Hammer,-The.html
Heist|https://www.imsdb.com/scripts/Heist.html
Hellbound: Hellraiser II|https://www.imsdb.com/scripts/Hellbound-Hellraiser-II.html
Hellboy|https://www.imsdb.com/scripts/Hellboy.html
Hellboy 2: The Golden Army|https://www.imsdb.com/scripts/Hellboy-2-The-Golden-Army.html
Hellraiser|https://www.imsdb.com/scripts/Hellraiser.html
Hellraiser 3: Hell on Earth|https://www.imsdb.com/scripts/Hellraiser-3-Hell-on-Earth.html
Hellraiser: Deader|https://www.imsdb.com/scripts/Hellraiser-Deader.html
Hellraiser: Hellseeker|https://www.imsdb.com/scripts/Hellraiser-Hellseeker.html
Help, The|https://www.imsdb.com/scripts/Help,-The.html
Henry Fool|https://www.imsdb.com/scripts/Henry-Fool.html
Henry's Crime|https://www.imsdb.com/scripts/Henry's-Crime.html
Her|https://www.imsdb.com/scripts/Her.html
Hesher|https://www.imsdb.com/scripts/Hesher.html
High Fidelity|https://www.imsdb.com/scripts/High-Fidelity.html
Highlander|https://www.imsdb.com/scripts/Highlander.html
Highlander: Endgame|https://www.imsdb.com/scripts/Highlander-Endgame.html
Hills Have Eyes, The|https://www.imsdb.com/scripts/Hills-Have-Eyes,-The.html
His Girl Friday|https://www.imsdb.com/scripts/His-Girl-Friday.html
Hitchcock|https://www.imsdb.com/scripts/Hitchcock.html
Hitchhiker's Guide to the Galaxy, The|https://www.imsdb.com/scripts/Hitchhiker's-Guide-to-the-Galaxy,-The.html
Hollow Man|https://www.imsdb.com/scripts/Hollow-Man.html
Honeydripper|https://www.imsdb.com/scripts/Honeydripper.html
Horrible Bosses|https://www.imsdb.com/scripts/Horrible-Bosses.html
Horse Whisperer, The|https://www.imsdb.com/scripts/Horse-Whisperer,-The.html
Hospital, The|https://www.imsdb.com/scripts/Hospital,-The.html
Hostage|https://www.imsdb.com/scripts/Hostage.html
Hot Tub Time Machine|https://www.imsdb.com/scripts/Hot-Tub-Time-Machine.html
Hotel Rwanda|https://www.imsdb.com/scripts/Hotel-Rwanda.html
House of 1000 Corpses|https://www.imsdb.com/scripts/House-of-1000-Corpses.html
How to Lose Friends & Alienate People|https://www.imsdb.com/scripts/How-to-Lose-Friends-&-Alienate-People.html
How to Train Your Dragon|https://www.imsdb.com/scripts/How-to-Train-Your-Dragon.html
How to Train Your Dragon 2|https://www.imsdb.com/scripts/How-to-Train-Your-Dragon-2.html
Hudson Hawk|https://www.imsdb.com/scripts/Hudson-Hawk.html
Hudsucker Proxy, The|https://www.imsdb.com/scripts/Hudsucker-Proxy,-The.html
Human Nature|https://www.imsdb.com/scripts/Human-Nature.html
Hunt for Red October, The|https://www.imsdb.com/scripts/Hunt-for-Red-October,-The.html
Hurt Locker, The|https://www.imsdb.com/scripts/Hurt-Locker,-The.html
I Am Number Four|https://www.imsdb.com/scripts/I-Am-Number-Four.html
I am Sam|https://www.imsdb.com/scripts/I-am-Sam.html
I Love You Phillip Morris|https://www.imsdb.com/scripts/I-Love-You-Phillip-Morris.html
I Spit on Your Grave|https://www.imsdb.com/scripts/I-Spit-on-Your-Grave.html
I Still Know What You Did Last Summer|https://www.imsdb.com/scripts/I-Still-Know-What-You-Did-Last-Summer.html
I'll Do Anything|https://www.imsdb.com/scripts/I'll-Do-Anything.html
I, Robot|https://www.imsdb.com/scripts/I,-Robot.html
Ice Storm, The|https://www.imsdb.com/scripts/Ice-Storm,-The.html
Ides of March, The|https://www.imsdb.com/scripts/Ides-of-March,-The.html
Imaginarium of Doctor Parnassus, The|https://www.imsdb.com/scripts/Imaginarium-of-Doctor-Parnassus,-The.html
In the Bedroom|https://www.imsdb.com/scripts/In-the-Bedroom.html
In the Loop|https://www.imsdb.com/scripts/In-the-Loop.html
Inception|https://www.imsdb.com/scripts/Inception.html
Incredibles, The|https://www.imsdb.com/scripts/Incredibles,-The.html
Independence Day|https://www.imsdb.com/scripts/Independence-Day.html
Indiana Jones and the Last Crusade|https://www.imsdb.com/scripts/Indiana-Jones-and-the-Last-Crusade.html
Indiana Jones and the Raiders of the Lost Ark|https://www.imsdb.com/scripts/Indiana-Jones-and-the-Raiders-of-the-Lost-Ark.html
Indiana Jones and the Temple of Doom|https://www.imsdb.com/scripts/Indiana-Jones-and-the-Temple-of-Doom.html
Indiana Jones IV|https://www.imsdb.com/scripts/Indiana-Jones-IV.html
Informant, The|https://www.imsdb.com/scripts/Informant,-The.html
Inglourious Basterds|https://www.imsdb.com/scripts/Inglourious-Basterds.html
Insider, The|https://www.imsdb.com/scripts/Insider,-The.html
Insidious|https://www.imsdb.com/scripts/Insidious.html
Insomnia|https://www.imsdb.com/scripts/Insomnia.html
Interstellar|https://www.imsdb.com/scripts/Interstellar.html
Interview with the Vampire|https://www.imsdb.com/scripts/Interview-with-the-Vampire.html
Into the Wild|https://www.imsdb.com/scripts/Into-the-Wild.html
Into the Woods|https://www.imsdb.com/scripts/Into-the-Woods.html
Intolerable Cruelty|https://www.imsdb.com/scripts/Intolerable-Cruelty.html
Inventing the Abbotts|https://www.imsdb.com/scripts/Inventing-the-Abbotts.html
Invention of Lying, The|https://www.imsdb.com/scripts/Invention-of-Lying,-The.html
Invictus|https://www.imsdb.com/scripts/Invictus.html
Iron Lady, The|https://www.imsdb.com/scripts/Iron-Lady,-The.html
Island, The|https://www.imsdb.com/scripts/Island,-The.html
It|https://www.imsdb.com/scripts/It.html
It Happened One Night|https://www.imsdb.com/scripts/It-Happened-One-Night.html
It Happened One Night|https://www.imsdb.com/scripts/It-Happened-One-Night.html
It's a Wonderful Life|https://www.imsdb.com/scripts/It's-a-Wonderful-Life.html
It's Complicated|https://www.imsdb.com/scripts/It's-Complicated.html
Italian Job, The|https://www.imsdb.com/scripts/Italian-Job,-The.html
Jacket, The|https://www.imsdb.com/scripts/Jacket,-The.html
Jackie Brown|https://www.imsdb.com/scripts/Jackie-Brown.html
Jacob's Ladder|https://www.imsdb.com/scripts/Jacob's-Ladder.html
Jade|https://www.imsdb.com/scripts/Jade.pdf
Jane Eyre|https://www.imsdb.com/scripts/Jane-Eyre.html
Jason X|https://www.imsdb.com/scripts/Jason-X.html
Jaws|https://www.imsdb.com/scripts/Jaws.html
Jaws 2|https://www.imsdb.com/scripts/Jaws-2.html
Jay and Silent Bob Strike Back|https://www.imsdb.com/scripts/Jay-and-Silent-Bob-Strike-Back.html
Jennifer Eight|https://www.imsdb.com/scripts/Jennifer-Eight.html
Jennifer's Body|https://www.imsdb.com/scripts/Jennifer's-Body.html
Jerry Maguire|https://www.imsdb.com/scripts/Jerry-Maguire.html
Jeux Interdits|https://www.imsdb.com/scripts/Jeux-Interdits.html
JFK|https://www.imsdb.com/scripts/JFK.html
Jimmy and Judy|https://www.imsdb.com/scripts/Jimmy-and-Judy.html
John Q|https://www.imsdb.com/scripts/John-Q.html
John Wick|https://www.imsdb.com/scripts/John-Wick.html
Judge Dredd|https://www.imsdb.com/scripts/Judge-Dredd.html
Juno|https://www.imsdb.com/scripts/Juno.html
Jurassic Park|https://www.imsdb.com/scripts/Jurassic-Park.html
Jurassic Park III|https://www.imsdb.com/scripts/Jurassic-Park-III.html
Jurassic Park: The Lost World|https://www.imsdb.com/scripts/Jurassic-Park-The-Lost-World.html
Kafka|https://www.imsdb.com/scripts/Kafka.html
Kalifornia|https://www.imsdb.com/scripts/Kalifornia.html
Kate & Leopold|https://www.imsdb.com/scripts/Kate-&-Leopold.html
Kids|https://www.imsdb.com/scripts/Kids.html
Kids Are All Right, The|https://www.imsdb.com/scripts/Kids-Are-All-Right,-The.html
Kill Bill Volume 1 & 2|https://www.imsdb.com/scripts/Kill-Bill-Volume-1-&-2.html
Kill Your Darlings|https://www.imsdb.com/scripts/Kill-Your-Darlings.html
Killing Zoe|https://www.imsdb.com/scripts/Killing-Zoe.html
King Kong|https://www.imsdb.com/scripts/King-Kong.html
King of Comedy, The|https://www.imsdb.com/scripts/King-of-Comedy,-The.html
King's Speech, The|https://www.imsdb.com/scripts/King's-Speech,-The.html
Kingdom, The|https://www.imsdb.com/scripts/Kingdom,-The.html
Kiss of the Spider Woman|https://www.imsdb.com/scripts/Kiss-of-the-Spider-Woman.pdf
Klute|https://www.imsdb.com/scripts/Klute.html
Knocked Up|https://www.imsdb.com/scripts/Knocked-Up.html
Kramer vs Kramer|https://www.imsdb.com/scripts/Kramer-vs-Kramer.html
Kundun|https://www.imsdb.com/scripts/Kundun.html
Kung Fu Panda|https://www.imsdb.com/scripts/Kung-Fu-Panda.html
L.A. Confidential|https://www.imsdb.com/scripts/L.A.-Confidential.html
La La Land|https://www.imsdb.com/scripts/La-La-Land.html
Labor of Love|https://www.imsdb.com/scripts/Labor-of-Love.html
Labyrinth|https://www.imsdb.com/scripts/Labyrinth.html
Ladykillers, The|https://www.imsdb.com/scripts/Ladykillers,-The.html
Lake Placid|https://www.imsdb.com/scripts/Lake-Placid.html
Land of the Dead|https://www.imsdb.com/scripts/Land-of-the-Dead.html
Larry Crowne|https://www.imsdb.com/scripts/Larry-Crowne.html
Last Boy Scout, The|https://www.imsdb.com/scripts/Last-Boy-Scout,-The.html
Last Chance Harvey|https://www.imsdb.com/scripts/Last-Chance-Harvey.html
Last Flight, The|https://www.imsdb.com/scripts/Last-Flight,-The.html
Last of the Mohicans, The|https://www.imsdb.com/scripts/Last-of-the-Mohicans,-The.html
Last Samurai, The|https://www.imsdb.com/scripts/Last-Samurai,-The.html
Last Station, The|https://www.imsdb.com/scripts/Last-Station,-The.html
Last Tango in Paris|https://www.imsdb.com/scripts/Last-Tango-in-Paris.html
Law Abiding Citizen|https://www.imsdb.com/scripts/Law-Abiding-Citizen.html
Le Diable par la Queue|https://www.imsdb.com/scripts/Le-Diable-par-la-Queue.html
Leaving Las Vegas|https://www.imsdb.com/scripts/Leaving-Las-Vegas.html
Legally Blonde|https://www.imsdb.com/scripts/Legally-Blonde.html
Legend|https://www.imsdb.com/scripts/Legend.html
Legion|https://www.imsdb.com/scripts/Legion.html
LEGO Movie, The|https://www.imsdb.com/scripts/LEGO-Movie,-The.html
Les Miserables|https://www.imsdb.com/scripts/Les-Miserables.html
Les Tontons Flingueurs|https://www.imsdb.com/scripts/Les-Tontons-Flingueurs.html
Leviathan|https://www.imsdb.com/scripts/Leviathan.html
Liar Liar|https://www.imsdb.com/scripts/Liar-Liar.html
Life|https://www.imsdb.com/scripts/Life.html
Life As A House|https://www.imsdb.com/scripts/Life-As-A-House.html
Life of David Gale, The|https://www.imsdb.com/scripts/Life-of-David-Gale,-The.html
Life of Pi|https://www.imsdb.com/scripts/Life-of-Pi.html
Light Sleeper|https://www.imsdb.com/scripts/Light-Sleeper.html
Limey, The|https://www.imsdb.com/scripts/Limey,-The.html
Limitless|https://www.imsdb.com/scripts/Limitless.html
Lincoln|https://www.imsdb.com/scripts/Lincoln.html
Lincoln Lawyer, The|https://www.imsdb.com/scripts/Lincoln-Lawyer,-The.html
Lion King, The|https://www.imsdb.com/scripts/Lion-King,-The.pdf
Little Athens|https://www.imsdb.com/scripts/Little-Athens.html
Little Mermaid, The|https://www.imsdb.com/scripts/Little-Mermaid,-The.html
Little Nicky|https://www.imsdb.com/scripts/Little-Nicky.html
Living in Oblivion|https://www.imsdb.com/scripts/Living-in-Oblivion.html
Lock, Stock and Two Smoking Barrels|https://www.imsdb.com/scripts/Lock,-Stock-and-Two-Smoking-Barrels.html
Logan|https://www.imsdb.com/scripts/Logan.html
Logan's Run|https://www.imsdb.com/scripts/Logan's-Run.html
Lone Star|https://www.imsdb.com/scripts/Lone-Star.html
Long Kiss Goodnight, The|https://www.imsdb.com/scripts/Long-Kiss-Goodnight,-The.html
Looper|https://www.imsdb.com/scripts/Looper.html
Lord of Illusions|https://www.imsdb.com/scripts/Lord-of-Illusions.html
Lord of the Rings: Fellowship of the Ring, The|https://www.imsdb.com/scripts/Lord-of-the-Rings-Fellowship-of-the-Ring,-The.html
Lord of the Rings: Return of the King|https://www.imsdb.com/scripts/Lord-of-the-Rings-Return-of-the-King.html
Lord of the Rings: The Two Towers|https://www.imsdb.com/scripts/Lord-of-the-Rings-The-Two-Towers.html
Lord of War|https://www.imsdb.com/scripts/Lord-of-War.html
Losers, The|https://www.imsdb.com/scripts/Losers,-The.html
Lost Highway|https://www.imsdb.com/scripts/Lost-Highway.html
Lost Horizon|https://www.imsdb.com/scripts/Lost-Horizon.html
Lost in Space|https://www.imsdb.com/scripts/Lost-in-Space.html
Lost in Translation|https://www.imsdb.com/scripts/Lost-in-Translation.html
Love and Basketball|https://www.imsdb.com/scripts/Love-and-Basketball.html
Machete|https://www.imsdb.com/scripts/Machete.html
Machine Gun Preacher|https://www.imsdb.com/scripts/Machine-Gun-Preacher.html
Mad Max 2: The Road Warrior|https://www.imsdb.com/scripts/Mad-Max-2-The-Road-Warrior.html
Made|https://www.imsdb.com/scripts/Made.html
Magnolia|https://www.imsdb.com/scripts/Magnolia.html
Majestic, The (The Bijou)|https://www.imsdb.com/scripts/Majestic,-The-(The-Bijou).html
Major League|https://www.imsdb.com/scripts/Major-League.html
Malcolm X|https://www.imsdb.com/scripts/Malcolm-X.html
Malibu's Most Wanted|https://www.imsdb.com/scripts/Malibu's-Most-Wanted.html
Man in the Iron Mask|https://www.imsdb.com/scripts/Man-in-the-Iron-Mask.html
Man On Fire|https://www.imsdb.com/scripts/Man-On-Fire.html
Man on the Moon|https://www.imsdb.com/scripts/Man-on-the-Moon.html
Man Trouble|https://www.imsdb.com/scripts/Man-Trouble.html
Man Who Knew Too Much, The|https://www.imsdb.com/scripts/Man-Who-Knew-Too-Much,-The.html
Man Who Wasn't There, The|https://www.imsdb.com/scripts/Man-Who-Wasn't-There,-The.html
Manchurian Candidate, The|https://www.imsdb.com/scripts/Manchurian-Candidate,-The.html
Manhattan Murder Mystery|https://www.imsdb.com/scripts/Manhattan-Murder-Mystery.html
Manhunter|https://www.imsdb.com/scripts/Manhunter.html
Margaret|https://www.imsdb.com/scripts/Margaret.html
Margin Call|https://www.imsdb.com/scripts/Margin-Call.html
Margot at the Wedding|https://www.imsdb.com/scripts/Margot-at-the-Wedding.html
Mariachi, El|https://www.imsdb.com/scripts/Mariachi,-El.html
Marley & Me|https://www.imsdb.com/scripts/Marley-&-Me.html
Martha Marcy May Marlene|https://www.imsdb.com/scripts/Martha-Marcy-May-Marlene.html
Martian, The|https://www.imsdb.com/scripts/Martian,-The.html
Marty|https://www.imsdb.com/scripts/Marty.html
Mary Poppins|https://www.imsdb.com/scripts/Mary-Poppins.html
Mask, The|https://www.imsdb.com/scripts/Mask,-The.html
Master and Commander|https://www.imsdb.com/scripts/Master-and-Commander.html
Master, The|https://www.imsdb.com/scripts/Master,-The.html
Matrix Reloaded, The|https://www.imsdb.com/scripts/Matrix-Reloaded,-The.html
Matrix, The|https://www.imsdb.com/scripts/Matrix,-The.html
Max Payne|https://www.imsdb.com/scripts/Max-Payne.html
Mean Streets|https://www.imsdb.com/scripts/Mean-Streets.html
Mechanic, The|https://www.imsdb.com/scripts/Mechanic,-The.html
Meet Joe Black|https://www.imsdb.com/scripts/Meet-Joe-Black.html
Meet John Doe|https://www.imsdb.com/scripts/Meet-John-Doe.html
Megamind|https://www.imsdb.com/scripts/Megamind.html
Memento|https://www.imsdb.com/scripts/Memento.html
Men in Black|https://www.imsdb.com/scripts/Men-in-Black.html
Men in Black 3|https://www.imsdb.com/scripts/Men-in-Black-3.html
Men Who Stare at Goats, The|https://www.imsdb.com/scripts/Men-Who-Stare-at-Goats,-The.html
Metro|https://www.imsdb.com/scripts/Metro.html
Miami Vice|https://www.imsdb.com/scripts/Miami-Vice.html
Midnight Cowboy|https://www.imsdb.com/scripts/Midnight-Cowboy.html
Midnight Express|https://www.imsdb.com/scripts/Midnight-Express.html
Midnight in Paris|https://www.imsdb.com/scripts/Midnight-in-Paris.html
Mighty Joe Young|https://www.imsdb.com/scripts/Mighty-Joe-Young.html
Mighty Morphin Power Rangers: The Movie|https://www.imsdb.com/scripts/Mighty-Morphin-Power-Rangers-The-Movie.html
Milk|https://www.imsdb.com/scripts/Milk.html
Miller's Crossing|https://www.imsdb.com/scripts/Miller's-Crossing.html
Mimic|https://www.imsdb.com/scripts/Mimic.html
Mini's First Time|https://www.imsdb.com/scripts/Mini's-First-Time.html
Minority Report|https://www.imsdb.com/scripts/Minority-Report.html
Miracle Worker, The|https://www.imsdb.com/scripts/Miracle-Worker,-The.html
Mirrors|https://www.imsdb.com/scripts/Mirrors.html
Misery|https://www.imsdb.com/scripts/Misery.html
Mission Impossible|https://www.imsdb.com/scripts/Mission-Impossible.html
Mission Impossible II|https://www.imsdb.com/scripts/Mission-Impossible-II.html
Mission to Mars|https://www.imsdb.com/scripts/Mission-to-Mars.html
Moneyball|https://www.imsdb.com/scripts/Moneyball.html
Monkeybone|https://www.imsdb.com/scripts/Monkeybone.html
Monster's Ball|https://www.imsdb.com/scripts/Monster's-Ball.pdf
Monte Carlo|https://www.imsdb.com/scripts/Monte-Carlo.html
Moon|https://www.imsdb.com/scripts/Moon.html
Moonrise Kingdom|https://www.imsdb.com/scripts/Moonrise-Kingdom.html
Moonstruck|https://www.imsdb.com/scripts/Moonstruck.html
Mr Blandings Builds His Dream House|https://www.imsdb.com/scripts/Mr-Blandings-Builds-His-Dream-House.html
Mr Brooks|https://www.imsdb.com/scripts/Mr-Brooks.html
Mr Deeds Goes to Town|https://www.imsdb.com/scripts/Mr-Deeds-Goes-to-Town.html
Mr. Holland's Opus|https://www.imsdb.com/scripts/Mr.-Holland's-Opus.pdf
Mrs. Brown|https://www.imsdb.com/scripts/Mrs.-Brown.html
Mud|https://www.imsdb.com/scripts/Mud.html
Mulan|https://www.imsdb.com/scripts/Mulan.html
Mulholland Drive|https://www.imsdb.com/scripts/Mulholland-Drive.html
Mumford|https://www.imsdb.com/scripts/Mumford.html
Mummy, The|https://www.imsdb.com/scripts/Mummy,-The.html
Music of the Heart|https://www.imsdb.com/scripts/Music-of-the-Heart.html
Mute Witness|https://www.imsdb.com/scripts/Mute-Witness.html
My Best Friend's Wedding|https://www.imsdb.com/scripts/My-Best-Friend's-Wedding.html
My Girl|https://www.imsdb.com/scripts/My-Girl.html
My Mother Dreams the Satan's Disciples in New York|https://www.imsdb.com/scripts/My-Mother-Dreams-the-Satan's-Disciples-in-New-York.html
My Week with Marilyn|https://www.imsdb.com/scripts/My-Week-with-Marilyn.html
Mystery Men|https://www.imsdb.com/scripts/Mystery-Men.html
Napoleon Dynamite|https://www.imsdb.com/scripts/Napoleon-Dynamite.html
Nashville|https://www.imsdb.com/scripts/Nashville.html
Natural Born Killers|https://www.imsdb.com/scripts/Natural-Born-Killers.html
Never Been Kissed|https://www.imsdb.com/scripts/Never-Been-Kissed.html
Neverending Story, The|https://www.imsdb.com/scripts/Neverending-Story,-The.html
New York Minute|https://www.imsdb.com/scripts/New-York-Minute.html
Newsies|https://www.imsdb.com/scripts/Newsies.html
Next|https://www.imsdb.com/scripts/Next.html
Next Friday|https://www.imsdb.com/scripts/Next-Friday.html
Next Three Days, The|https://www.imsdb.com/scripts/Next-Three-Days,-The.html
Ni vu ni connu|https://www.imsdb.com/scripts/Ni-vu-ni-connu.html
Nick of Time|https://www.imsdb.com/scripts/Nick-of-Time.html
Night Time (The Poltergeist Treatment)|https://www.imsdb.com/scripts/Night-Time-(The-Poltergeist-Treatment).html
Nightbreed|https://www.imsdb.com/scripts/Nightbreed.html
Nightmare Before Christmas, The|https://www.imsdb.com/scripts/Nightmare-Before-Christmas,-The.html
Nightmare Before Christmas, The|https://www.imsdb.com/scripts/Nightmare-Before-Christmas,-The.html
Nightmare on Elm Street, A|https://www.imsdb.com/scripts/Nightmare-on-Elm-Street,-A.html
Nightmare on Elm Street: The Final Chapter|https://www.imsdb.com/scripts/Nightmare-on-Elm-Street-The-Final-Chapter.html
Nine|https://www.imsdb.com/scripts/Nine.html
Nines, The|https://www.imsdb.com/scripts/Nines,-The.html
Ninja Assassin|https://www.imsdb.com/scripts/Ninja-Assassin.html
Ninotchka|https://www.imsdb.com/scripts/Ninotchka.html
Ninth Gate, The|https://www.imsdb.com/scripts/Ninth-Gate,-The.html
No Country for Old Men|https://www.imsdb.com/scripts/No-Country-for-Old-Men.html
No Strings Attached|https://www.imsdb.com/scripts/No-Strings-Attached.html
Notting Hill|https://www.imsdb.com/scripts/Notting-Hill.html
Nurse Betty|https://www.imsdb.com/scripts/Nurse-Betty.html
O Brother Where Art Thou?|https://www.imsdb.com/scripts/O-Brother-Where-Art-Thou%3f.html
Oblivion|https://www.imsdb.com/scripts/Oblivion.html
Observe and Report|https://www.imsdb.com/scripts/Observe-and-Report.html
Obsessed|https://www.imsdb.com/scripts/Obsessed.html
Ocean's Eleven|https://www.imsdb.com/scripts/Ocean's-Eleven.html
Ocean's Twelve|https://www.imsdb.com/scripts/Ocean's-Twelve.html
Office Space|https://www.imsdb.com/scripts/Office-Space.html
Officer and a Gentleman, An|https://www.imsdb.com/scripts/Officer-and-a-Gentleman,-An.pdf
Omega Man|https://www.imsdb.com/scripts/Omega-Man.html
One Flew Over the Cuckoo's Nest|https://www.imsdb.com/scripts/One-Flew-Over-the-Cuckoo's-Nest.html
Only God Forgives|https://www.imsdb.com/scripts/Only-God-Forgives.html
Ordinary People|https://www.imsdb.com/scripts/Ordinary-People.html
Orgy of the Dead|https://www.imsdb.com/scripts/Orgy-of-the-Dead.html
Orphan|https://www.imsdb.com/scripts/Orphan.html
Other Boleyn Girl, The|https://www.imsdb.com/scripts/Other-Boleyn-Girl,-The.html
Out of Sight|https://www.imsdb.com/scripts/Out-of-Sight.html
Pacifier, The|https://www.imsdb.com/scripts/Pacifier,-The.html
Pandorum|https://www.imsdb.com/scripts/Pandorum.html
Panic Room|https://www.imsdb.com/scripts/Panic-Room.html
Papadopoulos & Sons|https://www.imsdb.com/scripts/Papadopoulos-&-Sons.html
ParaNorman|https://www.imsdb.com/scripts/ParaNorman.html
Pariah|https://www.imsdb.com/scripts/Pariah.html
Passengers|https://www.imsdb.com/scripts/Passengers.html
Passion of Joan of Arc, The|https://www.imsdb.com/scripts/Passion-of-Joan-of-Arc,-The.html
Patriot, The|https://www.imsdb.com/scripts/Patriot,-The.html
Paul|https://www.imsdb.com/scripts/Paul.html
Pearl Harbor|https://www.imsdb.com/scripts/Pearl-Harbor.html
Peeping Tom|https://www.imsdb.com/scripts/Peeping-Tom.html
Peggy Sue Got Married|https://www.imsdb.com/scripts/Peggy-Sue-Got-Married.html
Perfect Creature|https://www.imsdb.com/scripts/Perfect-Creature.html
Perfect World, A|https://www.imsdb.com/scripts/Perfect-World,-A.html
Perks of Being a Wallflower, The|https://www.imsdb.com/scripts/Perks-of-Being-a-Wallflower,-The.html
Pet Sematary|https://www.imsdb.com/scripts/Pet-Sematary.html
Pet Sematary II|https://www.imsdb.com/scripts/Pet-Sematary-II.html
Petulia|https://www.imsdb.com/scripts/Petulia.html
Philadelphia|https://www.imsdb.com/scripts/Philadelphia.html
Phone Booth|https://www.imsdb.com/scripts/Phone-Booth.html
Pi|https://www.imsdb.com/scripts/Pi.html
Pianist, The|https://www.imsdb.com/scripts/Pianist,-The.html
Piano, The|https://www.imsdb.com/scripts/Piano,-The.html
Pineapple Express|https://www.imsdb.com/scripts/Pineapple-Express.html
Pirates of the Caribbean|https://www.imsdb.com/scripts/Pirates-of-the-Caribbean.html
Pirates of the Caribbean: Dead Man's Chest|https://www.imsdb.com/scripts/Pirates-of-the-Caribbean-Dead-Man's-Chest.html
Pitch Black|https://www.imsdb.com/scripts/Pitch-Black.html
Planet of the Apes, The|https://www.imsdb.com/scripts/Planet-of-the-Apes,-The.html
Platinum Blonde|https://www.imsdb.com/scripts/Platinum-Blonde.html
Platoon|https://www.imsdb.com/scripts/Platoon.html
Pleasantville|https://www.imsdb.com/scripts/Pleasantville.html
Point Break|https://www.imsdb.com/scripts/Point-Break.html
Pokemon: Mewtwo Returns|https://www.imsdb.com/scripts/Pokemon-Mewtwo-Returns.html
Postman, The|https://www.imsdb.com/scripts/Postman,-The.html
Power of One, The|https://www.imsdb.com/scripts/Power-of-One,-The.html
Precious|https://www.imsdb.com/scripts/Precious.html
Predator|https://www.imsdb.com/scripts/Predator.html
Prestige, The|https://www.imsdb.com/scripts/Prestige,-The.html
Pretty Woman|https://www.imsdb.com/scripts/Pretty-Woman.html
Pretty Woman (final script)|https://www.imsdb.com/scripts/Pretty-Woman-(final-script).html
Pride and Prejudice|https://www.imsdb.com/scripts/Pride-and-Prejudice.html
Priest|https://www.imsdb.com/scripts/Priest.html
Princess Bride, The|https://www.imsdb.com/scripts/Princess-Bride,-The.html
Private Life of Sherlock Holmes, The|https://www.imsdb.com/scripts/Private-Life-of-Sherlock-Holmes,-The.html
Producer, The|https://www.imsdb.com/scripts/Producer,-The.html
Program, The|https://www.imsdb.com/scripts/Program,-The.html
Prom Night|https://www.imsdb.com/scripts/Prom-Night.html
Prometheus|https://www.imsdb.com/scripts/Prometheus.html
Prophecy, The|https://www.imsdb.com/scripts/Prophecy,-The.html
Proposal, The|https://www.imsdb.com/scripts/Proposal,-The.html
Psycho|https://www.imsdb.com/scripts/Psycho.html
Public Enemies|https://www.imsdb.com/scripts/Public-Enemies.html
Pulp Fiction|https://www.imsdb.com/scripts/Pulp-Fiction.html
Punch-Drunk Love|https://www.imsdb.com/scripts/Punch-Drunk-Love.html
Purple Rain|https://www.imsdb.com/scripts/Purple-Rain.html
Quantum Project|https://www.imsdb.com/scripts/Quantum-Project.html
Queen of the Damned|https://www.imsdb.com/scripts/Queen-of-the-Damned.html
Queen, The|https://www.imsdb.com/scripts/Queen,-The.html
Rachel Getting Married|https://www.imsdb.com/scripts/Rachel-Getting-Married.html
Raging Bull|https://www.imsdb.com/scripts/Raging-Bull.html
Raising Arizona|https://www.imsdb.com/scripts/Raising-Arizona.html
Rambling Rose|https://www.imsdb.com/scripts/Rambling-Rose.html
Rambo: First Blood II: The Mission|https://www.imsdb.com/scripts/Rambo-First-Blood-II-The-Mission.html
Reader, The|https://www.imsdb.com/scripts/Reader,-The.html
Real Genius|https://www.imsdb.com/scripts/Real-Genius.html
Rear Window|https://www.imsdb.com/scripts/Rear-Window.html
Rebel Without A Cause|https://www.imsdb.com/scripts/Rebel-Without-A-Cause.html
Red Planet|https://www.imsdb.com/scripts/Red-Planet.html
Red Riding Hood|https://www.imsdb.com/scripts/Red-Riding-Hood.html
Reindeer Games|https://www.imsdb.com/scripts/Reindeer-Games.html
Relic, The|https://www.imsdb.com/scripts/Relic,-The.html
Remember Me|https://www.imsdb.com/scripts/Remember-Me.html
Replacements, The|https://www.imsdb.com/scripts/Replacements,-The.html
Repo Man|https://www.imsdb.com/scripts/Repo-Man.html
Rescuers Down Under, The|https://www.imsdb.com/scripts/Rescuers-Down-Under,-The.html
Reservoir Dogs|https://www.imsdb.com/scripts/Reservoir-Dogs.html
Resident Evil|https://www.imsdb.com/scripts/Resident-Evil.html
Return of the Apes|https://www.imsdb.com/scripts/Return-of-the-Apes.html
Revenant, The|https://www.imsdb.com/scripts/Revenant,-The.html
Revolutionary Road|https://www.imsdb.com/scripts/Revolutionary-Road.html
Ringu|https://www.imsdb.com/scripts/Ringu.html
Rise of the Guardians|https://www.imsdb.com/scripts/Rise-of-the-Guardians.html
Rise of the Planet of the Apes|https://www.imsdb.com/scripts/Rise-of-the-Planet-of-the-Apes.html
RKO 281|https://www.imsdb.com/scripts/RKO-281.html
Road, The|https://www.imsdb.com/scripts/Road,-The.html
Robin Hood: Prince of Thieves|https://www.imsdb.com/scripts/Robin-Hood-Prince-of-Thieves.html
Robocop|https://www.imsdb.com/scripts/Robocop.pdf
Rock, The|https://www.imsdb.com/scripts/Rock,-The.html
RocknRolla|https://www.imsdb.com/scripts/RocknRolla.html
Rocky|https://www.imsdb.com/scripts/Rocky.html
Rocky Horror Picture Show, The|https://www.imsdb.com/scripts/Rocky-Horror-Picture-Show,-The.html
Romeo & Juliet|https://www.imsdb.com/scripts/Romeo-&-Juliet.html
Ronin|https://www.imsdb.com/scripts/Ronin.html
Room|https://www.imsdb.com/scripts/Room.html
Roommate, The|https://www.imsdb.com/scripts/Roommate,-The.html
Roughshod|https://www.imsdb.com/scripts/Roughshod.html
Ruins, The|https://www.imsdb.com/scripts/Ruins,-The.html
Runaway Bride|https://www.imsdb.com/scripts/Runaway-Bride.html
Rush|https://www.imsdb.com/scripts/Rush.html
Rush Hour|https://www.imsdb.com/scripts/Rush-Hour.html
Rush Hour 2|https://www.imsdb.com/scripts/Rush-Hour-2.html
Rushmore|https://www.imsdb.com/scripts/Rushmore.html
Rust and Bone|https://www.imsdb.com/scripts/Rust-and-Bone.html
S. Darko|https://www.imsdb.com/scripts/S.-Darko.html
Saint, The|https://www.imsdb.com/scripts/Saint,-The.html
Salton Sea, The|https://www.imsdb.com/scripts/Salton-Sea,-The.html
Sandlot Kids, The|https://www.imsdb.com/scripts/Sandlot-Kids,-The.html
Save the Last Dance|https://www.imsdb.com/scripts/Save-the-Last-Dance.html
Saving Mr. Banks|https://www.imsdb.com/scripts/Saving-Mr.-Banks.html
Saving Private Ryan|https://www.imsdb.com/scripts/Saving-Private-Ryan.html
Saw|https://www.imsdb.com/scripts/Saw.html
Scarface|https://www.imsdb.com/scripts/Scarface.html
Scary Movie 2|https://www.imsdb.com/scripts/Scary-Movie-2.html
Schindler's List|https://www.imsdb.com/scripts/Schindler's-List.html
Scott Pilgrim vs the World|https://www.imsdb.com/scripts/Scott-Pilgrim-vs-the-World.html
Scream|https://www.imsdb.com/scripts/Scream.html
Scream 2|https://www.imsdb.com/scripts/Scream-2.html
Scream 3|https://www.imsdb.com/scripts/Scream-3.html
Se7en|https://www.imsdb.com/scripts/Se7en.html
Searchers, The|https://www.imsdb.com/scripts/Searchers,-The.html
Secret Life of Walter Mitty, The|https://www.imsdb.com/scripts/Secret-Life-of-Walter-Mitty,-The.html
Semi-Pro|https://www.imsdb.com/scripts/Semi-Pro.html
Sense and Sensibility|https://www.imsdb.com/scripts/Sense-and-Sensibility.html
Serenity|https://www.imsdb.com/scripts/Serenity.html
Serial Mom|https://www.imsdb.com/scripts/Serial-Mom.html
Sessions, The|https://www.imsdb.com/scripts/Sessions,-The.html
Seventh Seal, The|https://www.imsdb.com/scripts/Seventh-Seal,-The.html
Sex and the City|https://www.imsdb.com/scripts/Sex-and-the-City.html
Sex, Lies and Videotape|https://www.imsdb.com/scripts/Sex,-Lies-and-Videotape.html
Sexual Life|https://www.imsdb.com/scripts/Sexual-Life.html
Shadow of the Vampire|https://www.imsdb.com/scripts/Shadow-of-the-Vampire.pdf
Shakespeare in Love|https://www.imsdb.com/scripts/Shakespeare-in-Love.html
Shallow Grave|https://www.imsdb.com/scripts/Shallow-Grave.html
Shame|https://www.imsdb.com/scripts/Shame.html
Shampoo|https://www.imsdb.com/scripts/Shampoo.html
Shawshank Redemption, The|https://www.imsdb.com/scripts/Shawshank-Redemption,-The.html
She's Out of My League|https://www.imsdb.com/scripts/She's-Out-of-My-League.html
Sherlock Holmes|https://www.imsdb.com/scripts/Sherlock-Holmes.html
Shifty|https://www.imsdb.com/scripts/Shifty.html
Shining, The|https://www.imsdb.com/scripts/Shining,-The.html
Shipping News, The|https://www.imsdb.com/scripts/Shipping-News,-The.html
Shivers|https://www.imsdb.com/scripts/Shivers.html
Shrek|https://www.imsdb.com/scripts/Shrek.html
Shrek the Third|https://www.imsdb.com/scripts/Shrek-the-Third.html
Sicario|https://www.imsdb.com/scripts/Sicario.html
Sideways|https://www.imsdb.com/scripts/Sideways.html
Siege, The|https://www.imsdb.com/scripts/Siege,-The.html
Signs|https://www.imsdb.com/scripts/Signs.html
Silence of the Lambs|https://www.imsdb.com/scripts/Silence-of-the-Lambs.html
Silver Bullet|https://www.imsdb.com/scripts/Silver-Bullet.html
Silver Linings Playbook|https://www.imsdb.com/scripts/Silver-Linings-Playbook.html
Simone|https://www.imsdb.com/scripts/Simone.html
Single White Female|https://www.imsdb.com/scripts/Single-White-Female.html
Sister Act|https://www.imsdb.com/scripts/Sister-Act.html
Six Degrees of Separation|https://www.imsdb.com/scripts/Six-Degrees-of-Separation.html
Sixth Sense, The|https://www.imsdb.com/scripts/Sixth-Sense,-The.html
Sleepless in Seattle|https://www.imsdb.com/scripts/Sleepless-in-Seattle.html
Sleepy Hollow|https://www.imsdb.com/scripts/Sleepy-Hollow.html
Sling Blade|https://www.imsdb.com/scripts/Sling-Blade.html
Slither|https://www.imsdb.com/scripts/Slither.html
Slumdog Millionaire|https://www.imsdb.com/scripts/Slumdog-Millionaire.html
Smashed|https://www.imsdb.com/scripts/Smashed.html
Smokin' Aces|https://www.imsdb.com/scripts/Smokin'-Aces.html
Snatch|https://www.imsdb.com/scripts/Snatch.html
Sneakers|https://www.imsdb.com/scripts/Sneakers.pdf
Snow Falling On Cedars|https://www.imsdb.com/scripts/Snow-Falling-On-Cedars.html
Snow White and the Huntsman|https://www.imsdb.com/scripts/Snow-White-and-the-Huntsman.html
So I Married an Axe Murderer|https://www.imsdb.com/scripts/So-I-Married-an-Axe-Murderer.html
Social Network, The|https://www.imsdb.com/scripts/Social-Network,-The.html
Solaris|https://www.imsdb.com/scripts/Solaris.html
Soldier|https://www.imsdb.com/scripts/Soldier.html
Someone To Watch Over Me|https://www.imsdb.com/scripts/Someone-To-Watch-Over-Me.html
Something's Gotta Give|https://www.imsdb.com/scripts/Something's-Gotta-Give.html
Source Code|https://www.imsdb.com/scripts/Source-Code.html
South Park|https://www.imsdb.com/scripts/South-Park.html
Space Milkshake|https://www.imsdb.com/scripts/Space-Milkshake.html
Spanglish|https://www.imsdb.com/scripts/Spanglish.html
Spare Me|https://www.imsdb.com/scripts/Spare-Me.html
Spartan|https://www.imsdb.com/scripts/Spartan.html
Speed|https://www.imsdb.com/scripts/Speed.pdf
Speed Racer|https://www.imsdb.com/scripts/Speed-Racer.html
Sphere|https://www.imsdb.com/scripts/Sphere.html
Spider-Man|https://www.imsdb.com/scripts/Spider-Man.html
St. Elmo's Fire|https://www.imsdb.com/scripts/St.-Elmo's-Fire.html
Star Trek|https://www.imsdb.com/scripts/Star-Trek.html
Star Trek II: The Wrath of Khan|https://www.imsdb.com/scripts/Star-Trek-II-The-Wrath-of-Khan.html
Star Trek: First Contact|https://www.imsdb.com/scripts/Star-Trek-First-Contact.html
Star Trek: Generations|https://www.imsdb.com/scripts/Star-Trek-Generations.html
Star Trek: Nemesis|https://www.imsdb.com/scripts/Star-Trek-Nemesis.html
Star Trek: The Motion Picture|https://www.imsdb.com/scripts/Star-Trek-The-Motion-Picture.html
Star Wars: A New Hope|https://www.imsdb.com/scripts/Star-Wars-A-New-Hope.html
Star Wars: Attack of the Clones|https://www.imsdb.com/scripts/Star-Wars-Attack-of-the-Clones.html
Star Wars: Return of the Jedi|https://www.imsdb.com/scripts/Star-Wars-Return-of-the-Jedi.html
Star Wars: Revenge of the Sith|https://www.imsdb.com/scripts/Star-Wars-Revenge-of-the-Sith.html
Star Wars: The Empire Strikes Back|https://www.imsdb.com/scripts/Star-Wars-The-Empire-Strikes-Back.html
Star Wars: The Force Awakens|https://www.imsdb.com/scripts/Star-Wars-The-Force-Awakens.html
Star Wars: The Phantom Menace|https://www.imsdb.com/scripts/Star-Wars-The-Phantom-Menace.html
Starman|https://www.imsdb.com/scripts/Starman.html
Starship Troopers|https://www.imsdb.com/scripts/Starship-Troopers.html
State and Main|https://www.imsdb.com/scripts/State-and-Main.html
Station West|https://www.imsdb.com/scripts/Station-West.html
Stepmom|https://www.imsdb.com/scripts/Stepmom.html
Sting, The|https://www.imsdb.com/scripts/Sting,-The.html
Stir of Echoes|https://www.imsdb.com/scripts/Stir-of-Echoes.html
Storytelling|https://www.imsdb.com/scripts/Storytelling.html
Straight Outta Compton|https://www.imsdb.com/scripts/Straight-Outta-Compton.html
Strange Days|https://www.imsdb.com/scripts/Strange-Days.html
Strangers on a Train|https://www.imsdb.com/scripts/Strangers-on-a-Train.html
Stuntman, The|https://www.imsdb.com/scripts/Stuntman,-The.html
Sugar|https://www.imsdb.com/scripts/Sugar.html
Sugar and Spice|https://www.imsdb.com/scripts/Sugar-and-Spice.html
Sunset Blvd.|https://www.imsdb.com/scripts/Sunset-Blvd..html
Sunshine Cleaning|https://www.imsdb.com/scripts/Sunshine-Cleaning.html
Super 8|https://www.imsdb.com/scripts/Super-8.html
Superbad|https://www.imsdb.com/scripts/Superbad.html
Superfights|https://www.imsdb.com/scripts/Superfights.pdf
Supergirl|https://www.imsdb.com/scripts/Supergirl.html
Surfer King, The|https://www.imsdb.com/scripts/Surfer-King,-The.html
Surrogates|https://www.imsdb.com/scripts/Surrogates.html
Suspect Zero|https://www.imsdb.com/scripts/Suspect-Zero.html
Sweeney Todd: The Demon Barber of Fleet Street|https://www.imsdb.com/scripts/Sweeney-Todd-The-Demon-Barber-of-Fleet-Street.html
Sweet Hereafter, The|https://www.imsdb.com/scripts/Sweet-Hereafter,-The.html
Sweet Smell of Success|https://www.imsdb.com/scripts/Sweet-Smell-of-Success.html
Swingers|https://www.imsdb.com/scripts/Swingers.html
Swordfish|https://www.imsdb.com/scripts/Swordfish.html
Synecdoche, New York|https://www.imsdb.com/scripts/Synecdoche,-New-York.html
Syriana|https://www.imsdb.com/scripts/Syriana.html
Take Shelter|https://www.imsdb.com/scripts/Take-Shelter.html
Taking Lives|https://www.imsdb.com/scripts/Taking-Lives.html
Taking of Pelham One Two Three, The|https://www.imsdb.com/scripts/Taking-of-Pelham-One-Two-Three,-The.html
Taking Sides|https://www.imsdb.com/scripts/Taking-Sides.html
Talented Mr. Ripley, The|https://www.imsdb.com/scripts/Talented-Mr.-Ripley,-The.html
Tall in the Saddle|https://www.imsdb.com/scripts/Tall-in-the-Saddle.html
Tamara Drewe|https://www.imsdb.com/scripts/Tamara-Drewe.html
Taxi Driver|https://www.imsdb.com/scripts/Taxi-Driver.html
Ted|https://www.imsdb.com/scripts/Ted.html
Terminator|https://www.imsdb.com/scripts/Terminator.html
Terminator 2: Judgement Day|https://www.imsdb.com/scripts/Terminator-2-Judgement-Day.html
Terminator Salvation|https://www.imsdb.com/scripts/Terminator-Salvation.html
The Rage: Carrie 2|https://www.imsdb.com/scripts/The-Rage-Carrie-2.html
Thelma & Louise|https://www.imsdb.com/scripts/Thelma-&-Louise.html
Theory of Everything, The|https://www.imsdb.com/scripts/Theory-of-Everything,-The.html
There's Something About Mary|https://www.imsdb.com/scripts/There's-Something-About-Mary.html
They|https://www.imsdb.com/scripts/They.html
Thing, The|https://www.imsdb.com/scripts/Thing,-The.html
Things My Father Never Taught Me, The|https://www.imsdb.com/scripts/Things-My-Father-Never-Taught-Me,-The.html
Thirteen Days|https://www.imsdb.com/scripts/Thirteen-Days.html
This Boy's Life|https://www.imsdb.com/scripts/This-Boy's-Life.html
This is 40|https://www.imsdb.com/scripts/This-is-40.html
Thor|https://www.imsdb.com/scripts/Thor.html
Thor Ragnarok|https://www.imsdb.com/scripts/Thor-Ragnarok.html
Three Kings|https://www.imsdb.com/scripts/Three-Kings.html
Three Kings (Spoils of War)|https://www.imsdb.com/scripts/Three-Kings-(Spoils-of-War).html
Three Men and a Baby|https://www.imsdb.com/scripts/Three-Men-and-a-Baby.html
Three Musketeers, The|https://www.imsdb.com/scripts/Three-Musketeers,-The.html
Thunderbirds|https://www.imsdb.com/scripts/Thunderbirds.html
Thunderheart|https://www.imsdb.com/scripts/Thunderheart.html
Ticker|https://www.imsdb.com/scripts/Ticker.html
Timber Falls|https://www.imsdb.com/scripts/Timber-Falls.html
Time Machine, The|https://www.imsdb.com/scripts/Time-Machine,-The.html
Tin Cup|https://www.imsdb.com/scripts/Tin-Cup.html
Tin Men|https://www.imsdb.com/scripts/Tin-Men.html
Tinker Tailor Soldier Spy|https://www.imsdb.com/scripts/Tinker-Tailor-Soldier-Spy.html
Titanic|https://www.imsdb.com/scripts/Titanic.html
TMNT|https://www.imsdb.com/scripts/TMNT.html
To Sleep with Anger|https://www.imsdb.com/scripts/To-Sleep-with-Anger.html
Tombstone|https://www.imsdb.com/scripts/Tombstone.html
Tomorrow Never Dies|https://www.imsdb.com/scripts/Tomorrow-Never-Dies.html
Top Gun|https://www.imsdb.com/scripts/Top-Gun.html
Total Recall|https://www.imsdb.com/scripts/Total-Recall.html
Tourist, The|https://www.imsdb.com/scripts/Tourist,-The.html
Toy Story|https://www.imsdb.com/scripts/Toy-Story.html
Traffic|https://www.imsdb.com/scripts/Traffic.html
Training Day|https://www.imsdb.com/scripts/Training-Day.html
Trainspotting|https://www.imsdb.com/scripts/Trainspotting.html
Transformers: The Movie|https://www.imsdb.com/scripts/Transformers-The-Movie.html
Tremors|https://www.imsdb.com/scripts/Tremors.html
Tristan and Isolde|https://www.imsdb.com/scripts/Tristan-and-Isolde.html
TRON|https://www.imsdb.com/scripts/TRON.html
TRON: Legacy|https://www.imsdb.com/scripts/TRON-Legacy.html
Tropic Thunder|https://www.imsdb.com/scripts/Tropic-Thunder.html
True Grit|https://www.imsdb.com/scripts/True-Grit.html
True Lies|https://www.imsdb.com/scripts/True-Lies.html
True Romance|https://www.imsdb.com/scripts/True-Romance.html
Truman Show, The|https://www.imsdb.com/scripts/Truman-Show,-The.html
Twilight|https://www.imsdb.com/scripts/Twilight.html
Twilight: New Moon|https://www.imsdb.com/scripts/Twilight-New-Moon.html
Twin Peaks|https://www.imsdb.com/scripts/Twin-Peaks.html
Twins|https://www.imsdb.com/scripts/Twins.html
Two For The Money|https://www.imsdb.com/scripts/Two-For-The-Money.html
U Turn|https://www.imsdb.com/scripts/U-Turn.html
Ugly Truth, The|https://www.imsdb.com/scripts/Ugly-Truth,-The.html
Un Singe en Hiver|https://www.imsdb.com/scripts/Un-Singe-en-Hiver.html
Unbreakable|https://www.imsdb.com/scripts/Unbreakable.html
Under Fire|https://www.imsdb.com/scripts/Under-Fire.html
Unknown|https://www.imsdb.com/scripts/Unknown.html
Up|https://www.imsdb.com/scripts/Up.html
Up in the Air|https://www.imsdb.com/scripts/Up-in-the-Air.html
Usual Suspects, The|https://www.imsdb.com/scripts/Usual-Suspects,-The.html
V for Vendetta|https://www.imsdb.com/scripts/V-for-Vendetta.html
Valkyrie|https://www.imsdb.com/scripts/Valkyrie.html
Vanilla Sky|https://www.imsdb.com/scripts/Vanilla-Sky.html
Verdict, The|https://www.imsdb.com/scripts/Verdict,-The.html
Vertigo|https://www.imsdb.com/scripts/Vertigo.pdf
Very Bad Things|https://www.imsdb.com/scripts/Very-Bad-Things.html
Village, The|https://www.imsdb.com/scripts/Village,-The.html
Virtuosity|https://www.imsdb.com/scripts/Virtuosity.html
Visitor, The|https://www.imsdb.com/scripts/Visitor,-The.html
Wag the Dog|https://www.imsdb.com/scripts/Wag-the-Dog.html
Walk to Remember, A|https://www.imsdb.com/scripts/Walk-to-Remember,-A.html
Walking Tall|https://www.imsdb.com/scripts/Walking-Tall.html
Wall Street|https://www.imsdb.com/scripts/Wall-Street.html
Wall Street: Money Never Sleeps|https://www.imsdb.com/scripts/Wall-Street-Money-Never-Sleeps.html
Wall-E|https://www.imsdb.com/scripts/Wall-E.html
Wanted|https://www.imsdb.com/scripts/Wanted.html
War for the Planet of the Apes|https://www.imsdb.com/scripts/War-for-the-Planet-of-the-Apes.html
War Horse|https://www.imsdb.com/scripts/War-Horse.html
War of the Worlds|https://www.imsdb.com/scripts/War-of-the-Worlds.html
Warm Springs|https://www.imsdb.com/scripts/Warm-Springs.html
Warrior|https://www.imsdb.com/scripts/Warrior.html
Watchmen|https://www.imsdb.com/scripts/Watchmen.html
Water for Elephants|https://www.imsdb.com/scripts/Water-for-Elephants.html
Way Back, The|https://www.imsdb.com/scripts/Way-Back,-The.html
We Own the Night|https://www.imsdb.com/scripts/We-Own-the-Night.html
What About Bob?|https://www.imsdb.com/scripts/What-About-Bob%3f.html
What Lies Beneath|https://www.imsdb.com/scripts/What-Lies-Beneath.html
When a Stranger Calls|https://www.imsdb.com/scripts/When-a-Stranger-Calls.html
When Harry Met Sally|https://www.imsdb.com/scripts/When-Harry-Met-Sally.pdf
While She Was Out|https://www.imsdb.com/scripts/While-She-Was-Out.html
Whistleblower, The|https://www.imsdb.com/scripts/Whistleblower,-The.html
White Christmas|https://www.imsdb.com/scripts/White-Christmas.html
White Jazz|https://www.imsdb.com/scripts/White-Jazz.html
White Ribbon, The|https://www.imsdb.com/scripts/White-Ribbon,-The.html
White Squall|https://www.imsdb.com/scripts/White-Squall.html
Whiteout|https://www.imsdb.com/scripts/Whiteout.html
Who Framed Roger Rabbit?|https://www.imsdb.com/scripts/Who-Framed-Roger-Rabbit%3f.html
Who's Your Daddy|https://www.imsdb.com/scripts/Who's-Your-Daddy.html
Wild At Heart|https://www.imsdb.com/scripts/Wild-At-Heart.html
Wild Bunch, The|https://www.imsdb.com/scripts/Wild-Bunch,-The.html
Wild Hogs|https://www.imsdb.com/scripts/Wild-Hogs.html
Wild Things|https://www.imsdb.com/scripts/Wild-Things.html
Wild Things: Diamonds in the Rough|https://www.imsdb.com/scripts/Wild-Things-Diamonds-in-the-Rough.html
Wild Wild West|https://www.imsdb.com/scripts/Wild-Wild-West.html
Willow|https://www.imsdb.com/scripts/Willow.html
Win Win|https://www.imsdb.com/scripts/Win-Win.html
Wind Chill|https://www.imsdb.com/scripts/Wind-Chill.html
Withnail and I|https://www.imsdb.com/scripts/Withnail-and-I.html
Witness|https://www.imsdb.com/scripts/Witness.html
Wizard of Oz, The|https://www.imsdb.com/scripts/Wizard-of-Oz,-The.html
Wolf of Wall Street, The|https://www.imsdb.com/scripts/Wolf-of-Wall-Street,-The.html
Wonder Boys|https://www.imsdb.com/scripts/Wonder-Boys.html
Wonder Woman|https://www.imsdb.com/scripts/Wonder-Woman.html
Woodsman, The|https://www.imsdb.com/scripts/Woodsman,-The.html
World is not Enough, The|https://www.imsdb.com/scripts/World-is-not-Enough,-The.html
Wrestler, The|https://www.imsdb.com/scripts/Wrestler,-The.html
X-Files: Fight the Future, The|https://www.imsdb.com/scripts/X-Files-Fight-the-Future,-The.html
X-Men|https://www.imsdb.com/scripts/X-Men.html
X-Men Origins: Wolverine|https://www.imsdb.com/scripts/X-Men-Origins-Wolverine.html
xXx|https://www.imsdb.com/scripts/xXx.html
Year One|https://www.imsdb.com/scripts/Year-One.html
Yes Man|https://www.imsdb.com/scripts/Yes-Man.html
You Can Count On Me|https://www.imsdb.com/scripts/You-Can-Count-On-Me.html
You've Got Mail|https://www.imsdb.com/scripts/You've-Got-Mail.html
Youth in Revolt|https://www.imsdb.com/scripts/Youth-in-Revolt.html
Zero Dark Thirty|https://www.imsdb.com/scripts/Zero-Dark-Thirty.html
Zerophilia|https://www.imsdb.com/scripts/Zerophilia.html
Zootopia|https://www.imsdb.com/scripts/Zootopia.html
